Workbook
Name Slicer_Wilayah: #N/A

Sheet Data_Transaksi
A1: ID Transaksi | B1: Tanggal | C1: Bulan | D1: Nama Bulan | E1: Nama Pelanggan Raw | F1: Nama Pelanggan Clean | G1: Wilayah | H1: SKU | I1: Jumlah Beli | J1: Kategori | K1: Harga Jual | L1: Total Revenue | M1: Target Bulanan Kategori
A2: TXN-2025-001 | B2: 2025-01-01 | C2: =MONTH(B2) -> 1 | D2: =TEXT(B2,"mmm") -> Jan | E2: RINA marlina | F2: =TRIM(PROPER(E2)) -> Rina Marlina | G2: Selatan | H2: PROD010 | I2: 2 | J2: =INDEX(Master_Produk!$C$2:$C$11,MATCH(H2,Master_Produk!$A$2:$A$11,0)) -> Pakaian | K2: =INDEX(Master_Produk!$E$2:$E$11,MATCH(Data_Transaksi!H2,Master_Produk!$A$2:$A$11,0)) -> 350000 | L2: =I2*K2 -> 700000 | M2: =INDEX(Master_Target!$B$2:$M$4, MATCH(J2, Master_Target!$A$2:$A$4, 0), MATCH(TEXT(B2, "[$-421]mmmm"), Master_Target!$B$1:$M$1, 0)) -> 15000000
A3: TXN-2025-002 | B3: 2025-01-01 | C3: =MONTH(B3) -> 1 | D3: =TEXT(B3,"mmm") -> Jan | E3: budi santoso | F3: =TRIM(PROPER(E3)) -> Budi Santoso | G3: Selatan | H3: PROD005 | I3: 1 | J3: =INDEX(Master_Produk!$C$2:$C$11,MATCH(H3,Master_Produk!$A$2:$A$11,0)) -> Pakaian | K3: =INDEX(Master_Produk!$E$2:$E$11,MATCH(Data_Transaksi!H3,Master_Produk!$A$2:$A$11,0)) -> 250000 | L3: =I3*K3 -> 250000 | M3: =INDEX(Master_Target!$B$2:$M$4, MATCH(J3, Master_Target!$A$2:$A$4, 0), MATCH(TEXT(B3, "[$-421]mmmm"), Master_Target!$B$1:$M$1, 0)) -> 15000000
A4: TXN-2025-003 | B4: 2025-01-01 | C4: =MONTH(B4) -> 1 | D4: =TEXT(B4,"mmm") -> Jan | E4: DEWI lestari | F4: =TRIM(PROPER(E4)) -> Dewi Lestari | G4: Timur | H4: PROD004 | I4: 1 | J4: =INDEX(Master_Produk!$C$2:$C$11,MATCH(H4,Master_Produk!$A$2:$A$11,0)) -> Furnitur | K4: =INDEX(Master_Produk!$E$2:$E$11,MATCH(Data_Transaksi!H4,Master_Produk!$A$2:$A$11,0)) -> 950000 | L4: =I4*K4 -> 950000 | M4: =INDEX(Master_Target!$B$2:$M$4, MATCH(J4, Master_Target!$A$2:$A$4, 0), MATCH(TEXT(B4, "[$-421]mmmm"), Master_Target!$B$1:$M$1, 0)) -> 20000000
A5: TXN-2025-004 | B5: 2025-01-01 | C5: =MONTH(B5) -> 1 | D5: =TEXT(B5,"mmm") -> Jan | E5: andi WIJAYA | F5: =TRIM(PROPER(E5)) -> Andi Wijaya | G5: Timur | H5: PROD010 | I5: 1 | J5: =INDEX(Master_Produk!$C$2:$C$11,MATCH(H5,Master_Produk!$A$2:$A$11,0)) -> Pakaian | K5: =INDEX(Master_Produk!$E$2:$E$11,MATCH(Data_Transaksi!H5,Master_Produk!$A$2:$A$11,0)) -> 350000 | L5: =I5*K5 -> 350000 | M5: =INDEX(Master_Target!$B$2:$M$4, MATCH(J5, Master_Target!$A$2:$A$4, 0), MATCH(TEXT(B5, "[$-421]mmmm"), Master_Target!$B$1:$M$1, 0)) -> 15000000
A6: TXN-2025-005 | B6: 2025-01-01 | C6: =MONTH(B6) -> 1 | D6: =TEXT(B6,"mmm") -> Jan | E6: andi WIJAYA | F6: =TRIM(PROPER(E6)) -> Andi Wijaya | G6: Utara | H6: PROD007 | I6: 1 | J6: =INDEX(Master_Produk!$C$2:$C$11,MATCH(H6,Master_Produk!$A$2:$A$11,0)) -> Elektronik | K6: =INDEX(Master_Produk!$E$2:$E$11,MATCH(Data_Transaksi!H6,Master_Produk!$A$2:$A$11,0)) -> 1800000 | L6: =I6*K6 -> 1800000 | M6: =INDEX(Master_Target!$B$2:$M$4, MATCH(J6, Master_Target!$A$2:$A$4, 0), MATCH(TEXT(B6, "[$-421]mmmm"), Master_Target!$B$1:$M$1, 0)) -> 50000000
A7: TXN-2025-006 | B7: 2025-01-01 | C7: =MONTH(B7) -> 1 | D7: =TEXT(B7,"mmm") -> Jan | E7: siti RAHMA | F7: =TRIM(PROPER(E7)) -> Siti Rahma | G7: Barat | H7: PROD010 | I7: 10 | J7: =INDEX(Master_Produk!$C$2:$C$11,MATCH(H7,Master_Produk!$A$2:$A$11,0)) -> Pakaian | K7: =INDEX(Master_Produk!$E$2:$E$11,MATCH(Data_Transaksi!H7,Master_Produk!$A$2:$A$11,0)) -> 350000 | L7: =I7*K7 -> 3500000 | M7: =INDEX(Master_Target!$B$2:$M$4, MATCH(J7, Master_Target!$A$2:$A$4, 0), MATCH(TEXT(B7, "[$-421]mmmm"), Master_Target!$B$1:$M$1, 0)) -> 15000000
A8: TXN-2025-007 | B8: 2025-01-02 | C8: =MONTH(B8) -> 1 | D8: =TEXT(B8,"mmm") -> Jan | E8: RINA marlina | F8: =TRIM(PROPER(E8)) -> Rina Marlina | G8: Utara | H8: PROD001 | I8: 1 | J8: =INDEX(Master_Produk!$C$2:$C$11,MATCH(H8,Master_Produk!$A$2:$A$11,0)) -> Elektronik | K8: =INDEX(Master_Produk!$E$2:$E$11,MATCH(Data_Transaksi!H8,Master_Produk!$A$2:$A$11,0)) -> 7500000 | L8: =I8*K8 -> 7500000 | M8: =INDEX(Master_Target!$B$2:$M$4, MATCH(J8, Master_Target!$A$2:$A$4, 0), MATCH(TEXT(B8, "[$-421]mmmm"), Master_Target!$B$1:$M$1, 0)) -> 50000000
A9: TXN-2025-008 | B9: 2025-01-02 | C9: =MONTH(B9) -> 1 | D9: =TEXT(B9,"mmm") -> Jan | E9: Ahmad Fauzi | F9: =TRIM(PROPER(E9)) -> Ahmad Fauzi | G9: Timur | H9: PROD008 | I9: 3 | J9: =INDEX(Master_Produk!$C$2:$C$11,MATCH(H9,Master_Produk!$A$2:$A$11,0)) -> Elektronik | K9: =INDEX(Master_Produk!$E$2:$E$11,MATCH(Data_Transaksi!H9,Master_Produk!$A$2:$A$11,0)) -> 250000 | L9: =I9*K9 -> 750000 | M9: =INDEX(Master_Target!$B$2:$M$4, MATCH(J9, Master_Target!$A$2:$A$4, 0), MATCH(TEXT(B9, "[$-421]mmmm"), Master_Target!$B$1:$M$1, 0)) -> 50000000
A10: TXN-2025-009 | B10: 2025-01-02 | C10: =MONTH(B10) -> 1 | D10: =TEXT(B10,"mmm") -> Jan | E10: RINA marlina | F10: =TRIM(PROPER(E10)) -> Rina Marlina | G10: Utara | H10: PROD009 | I10: 1 | J10: =INDEX(Master_Produk!$C$2:$C$11,MATCH(H10,Master_Produk!$A$2:$A$11,0)) -> Furnitur | K10: =INDEX(Master_Produk!$E$2:$E$11,MATCH(Data_Transaksi!H10,Master_Produk!$A$2:$A$11,0)) -> 650000 | L10: =I10*K10 -> 650000 | M10: =INDEX(Master_Target!$B$2:$M$4, MATCH(J10, Master_Target!$A$2:$A$4, 0), MATCH(TEXT(B10, "[$-421]mmmm"), Master_Target!$B$1:$M$1, 0)) -> 20000000
A11: TXN-2025-010 | B11: 2025-01-03 | C11: =MONTH(B11) -> 1 | D11: =TEXT(B11,"mmm") -> Jan | E11: Sari Yuliana | F11: =TRIM(PROPER(E11)) -> Sari Yuliana | G11: Selatan | H11: PROD005 | I11: 2 | J11: =INDEX(Master_Produk!$C$2:$C$11,MATCH(H11,Master_Produk!$A$2:$A$11,0)) -> Pakaian | K11: =INDEX(Master_Produk!$E$2:$E$11,MATCH(Data_Transaksi!H11,Master_Produk!$A$2:$A$11,0)) -> 250000 | L11: =I11*K11 -> 500000 | M11: =INDEX(Master_Target!$B$2:$M$4, MATCH(J11, Master_Target!$A$2:$A$4, 0), MATCH(TEXT(B11, "[$-421]mmmm"), Master_Target!$B$1:$M$1, 0)) -> 15000000
A12: TXN-2025-011 | B12: 2025-01-04 | C12: =MONTH(B12) -> 1 | D12: =TEXT(B12,"mmm") -> Jan | E12: mega utami | F12: =TRIM(PROPER(E12)) -> Mega Utami | G12: Selatan | H12: PROD005 | I12: 3 | J12: =INDEX(Master_Produk!$C$2:$C$11,MATCH(H12,Master_Produk!$A$2:$A$11,0)) -> Pakaian | K12: =INDEX(Master_Produk!$E$2:$E$11,MATCH(Data_Transaksi!H12,Master_Produk!$A$2:$A$11,0)) -> 250000 | L12: =I12*K12 -> 750000 | M12: =INDEX(Master_Target!$B$2:$M$4, MATCH(J12, Master_Target!$A$2:$A$4, 0), MATCH(TEXT(B12, "[$-421]mmmm"), Master_Target!$B$1:$M$1, 0)) -> 15000000
A13: TXN-2025-012 | B13: 2025-01-04 | C13: =MONTH(B13) -> 1 | D13: =TEXT(B13,"mmm") -> Jan | E13: budi santoso | F13: =TRIM(PROPER(E13)) -> Budi Santoso | G13: Timur | H13: PROD008 | I13: 2 | J13: =INDEX(Master_Produk!$C$2:$C$11,MATCH(H13,Master_Produk!$A$2:$A$11,0)) -> Elektronik | K13: =INDEX(Master_Produk!$E$2:$E$11,MATCH(Data_Transaksi!H13,Master_Produk!$A$2:$A$11,0)) -> 250000 | L13: =I13*K13 -> 500000 | M13: =INDEX(Master_Target!$B$2:$M$4, MATCH(J13, Master_Target!$A$2:$A$4, 0), MATCH(TEXT(B13, "[$-421]mmmm"), Master_Target!$B$1:$M$1, 0)) -> 50000000
... A1001: TXN-2025-1000 | B1001: 2025-12-31 | C1001: =MONTH(B1001) -> 12 | D1001: =TEXT(B1001,"mmm") -> Dec | E1001: budi santoso | F1001: =TRIM(PROPER(E1001)) -> Budi Santoso | G1001: Pusat | H1001: PROD002 | I1001: 2 | J1001: =INDEX(Master_Produk!$C$2:$C$11,MATCH(H1001,Master_Produk!$A$2:$A$11,0)) -> Elektronik | K1001: =INDEX(Master_Produk!$E$2:$E$11,MATCH(Data_Transaksi!H1001,Master_Produk!$A$2:$A$11,0)) -> 4500000 | L1001: =I1001*K1001 -> 9000000 | M1001: =INDEX(Master_Target!$B$2:$M$4, MATCH(J1001, Master_Target!$A$2:$A$4, 0), MATCH(TEXT(B1001, "[$-421]mmmm"), Master_Target!$B$1:$M$1, 0)) -> 110000000

Sheet Master_Produk
A1: SKU | B1: Nama Produk | C1: Kategori | D1: Cost | E1: Price
A2: PROD001 | B2: Laptop Aspire | C2: Elektronik | D2: 5000000 | E2: 7500000
A3: PROD002 | B3: Smartphone X | C3: Elektronik | D3: 3000000 | E3: 4500000
A4: PROD003 | B4: Meja Kerja Minimalis | C4: Furnitur | D4: 800000 | E4: 1200000
A5: PROD004 | B5: Kursi Ergonomis | C5: Furnitur | D5: 600000 | E5: 950000
A6: PROD005 | B6: Kemeja Oxford | C6: Pakaian | D6: 150000 | E6: 250000
A7: PROD006 | B7: Celana Chino | C7: Pakaian | D7: 180000 | E7: 280000
A8: PROD007 | B8: Monitor 24 Inch | C8: Elektronik | D8: 1200000 | E8: 1800000
A9: PROD008 | B9: Mouse Wireless | C9: Elektronik | D9: 150000 | E9: 250000
A10: PROD009 | B10: Rak Buku Kayu | C10: Furnitur | D10: 400000 | E10: 650000
A11: PROD010 | B11: Jaket Bomber | C11: Pakaian | D11: 200000 | E11: 350000

Sheet Master_Target
A1: Kategori | B1: Januari | C1: Februari | D1: Maret | E1: April | F1: Mei | G1: Juni | H1: Juli | I1: Agustus | J1: September | K1: Oktober | L1: November | M1: Desember
A2: Elektronik | B2: 50000000 | C2: 55000000 | D2: 60000000 | E2: 65000000 | F2: 70000000 | G2: 75000000 | H2: 80000000 | I2: 85000000 | J2: 90000000 | K2: 95000000 | L2: 100000000 | M2: 110000000
A3: Furnitur | B3: 20000000 | C3: 22000000 | D3: 24000000 | E3: 26000000 | F3: 28000000 | G3: 30000000 | H3: 32000000 | I3: 34000000 | J3: 36000000 | K3: 38000000 | L3: 40000000 | M3: 45000000
A4: Pakaian | B4: 15000000 | C4: 16500000 | D4: 18000000 | E4: 19500000 | F4: 21000000 | G4: 22500000 | H4: 24000000 | I4: 25500000 | J4: 27000000 | K4: 28500000 | L4: 30000000 | M4: 35000000

Sheet PivotTable
F2: Row Labels | G2: Sum of Total Revenue | H2: Sum of Jumlah Beli
A3: Row Labels | B3: Sum of Total Revenue | F3: Pakaian | G3: 191350000 | H3: 646
A4: Jan | B4: 251480000 | F4: Furnitur | G4: 637750000 | H4: 700
A5: Feb | B5: 336120000 | F5: Elektronik | G5: 2939050000 | H5: 909
A6: Mar | B6: 123770000 | F6: Grand Total | G6: 3768150000 | H6: 2255
A7: Apr | B7: 312330000
A8: May | B8: 407400000 | F8: Row Labels | G8: Sum of Total Revenue
A9: Jun | B9: 352550000 | F9: Pusat | G9: 815170000
A10: Jul | B10: 273090000 | F10: Selatan | G10: 811280000
A11: Aug | B11: 416330000 | F11: Timur | G11: 734830000
A12: Sep | B12: 390010000 | F12: Barat | G12: 727650000
A13: Oct | B13: 273810000 | F13: Utara | G13: 679220000
A14: Nov | B14: 231780000 | F14: Grand Total | G14: 3768150000
A15: Dec | B15: 399480000
A16: Grand Total | B16: 3768150000
F17: Row Labels | G17: Sum of Total Revenue | H17: Average of Target Bulanan Kategori
F18: Elektronik | G18: 2939050000 | H18: 78924051
A19: Sum of Total Revenue | F19: Furnitur | G19: 637750000 | H19: 31019802
A20: 3768150000 | F20: Pakaian | G20: 191350000 | H20: 23514901
F21: Grand Total | G21: 3768150000 | H21: 47675500

Sheet Dashboard
